Ticker,Name,Sector,Asset Class,Market Value,Weight (%),Notional Value,Quantity
AAPL,APPLE INC,Information Technology,Equity,"44,446,953,895.86",7.58,"44,446,953,895.86","177,489,633.00"
NVDA,NVIDIA CORP,Information Technology,Equity,"38,679,635,854.21",6.6,"38,679,635,854.21","288,030,649.00"
MSFT,MICROSOFT CORP,Information Technology,Equity,"36,797,030,928.00",6.28,"36,797,030,928.00","87,300,192.00"
AMZN,AMAZON COM INC,Consumer Discretionary,Equity,"24,107,806,829.97",4.11,"24,107,806,829.97","109,885,623.00"
META,META PLATFORMS INC CLASS A,Communication,Equity,"14,987,614,474.38",2.56,"14,987,614,474.38","25,597,538.00"
TSLA,TESLA INC,Consumer Discretionary,Equity,"13,242,913,911.68",2.26,"13,242,913,911.68","32,792,477.00"
GOOGL,ALPHABET INC CLASS A,Communication,Equity,"12,987,552,515.10",2.22,"12,987,552,515.10","68,608,307.00"
AVGO,BROADCOM INC,Information Technology,Equity,"12,714,532,185.60",2.17,"12,714,532,185.60","54,841,840.00"
GOOG,ALPHABET INC CLASS C,Communication,Equity,"10,642,327,478.28",1.82,"10,642,327,478.28","55,882,837.00"
BRKB,BERKSHIRE HATHAWAY INC CLASS B,Financials,Equity,"9,755,673,472.00",1.66,"9,755,673,472.00","21,522,400.00"
JPM,JPMORGAN CHASE & CO,Financials,Equity,"7,924,240,891.65",1.35,"7,924,240,891.65","33,057,615.00"
LLY,ELI LILLY,Health Care,Equity,"7,142,407,356.00",1.22,"7,142,407,356.00","9,251,823.00"
V,VISA INC CLASS A,Financials,Equity,"6,412,873,513.40",1.09,"6,412,873,513.40","20,291,335.00"
XOM,EXXON MOBIL CORP,Energy,Equity,"5,551,375,424.29",0.95,"5,551,375,424.29","51,607,097.00"
UNH,UNITEDHEALTH GROUP INC,Health Care,Equity,"5,466,268,021.26",0.93,"5,466,268,021.26","10,805,891.00"
MA,MASTERCARD INC CLASS A,Financials,Equity,"5,068,143,047.11",0.86,"5,068,143,047.11","9,624,823.00"
COST,COSTCO WHOLESALE CORP,Consumer Staples,Equity,"4,766,977,139.30",0.81,"4,766,977,139.30","5,202,590.00"
PG,PROCTER & GAMBLE,Consumer Staples,Equity,"4,636,006,840.85",0.79,"4,636,006,840.85","27,652,889.00"
WMT,WALMART INC,Consumer Staples,Equity,"4,604,945,970.30",0.79,"4,604,945,970.30","50,967,858.00"
HD,HOME DEPOT INC,Consumer Discretionary,Equity,"4,536,855,331.33",0.77,"4,536,855,331.33","11,663,167.00"
NFLX,NETFLIX INC,Communication,Equity,"4,473,714,235.32",0.76,"4,473,714,235.32","5,019,201.00"
JNJ,JOHNSON & JOHNSON,Health Care,Equity,"4,088,449,918.28",0.7,"4,088,449,918.28","28,270,294.00"
CRM,SALESFORCE INC,Information Technology,Equity,"3,752,946,190.75",0.64,"3,752,946,190.75","11,225,275.00"
ABBV,ABBVIE INC,Health Care,Equity,"3,687,218,846.80",0.63,"3,687,218,846.80","20,749,684.00"
BAC,BANK OF AMERICA CORP,Financials,Equity,"3,444,910,215.75",0.59,"3,444,910,215.75","78,382,485.00"
ORCL,ORACLE CORP,Information Technology,Equity,"3,144,823,247.76",0.54,"3,144,823,247.76","18,871,959.00"
MRK,MERCK & CO INC,Health Care,Equity,"2,954,850,361.32",0.5,"2,954,850,361.32","29,702,959.00"
CVX,CHEVRON CORP,Energy,Equity,"2,842,388,536.56",0.48,"2,842,388,536.56","19,624,334.00"
KO,COCA-COLA,Consumer Staples,Equity,"2,834,311,040.88",0.48,"2,834,311,040.88","45,523,788.00"
CSCO,CISCO SYSTEMS INC,Information Technology,Equity,"2,770,779,336.00",0.47,"2,770,779,336.00","46,803,705.00"
WFC,WELLS FARGO,Financials,Equity,"2,746,017,066.24",0.47,"2,746,017,066.24","39,094,776.00"
ACN,ACCENTURE PLC CLASS A,Information Technology,Equity,"2,581,115,242.89",0.44,"2,581,115,242.89","7,337,091.00"
NOW,SERVICENOW INC,Information Technology,Equity,"2,564,327,448.36",0.44,"2,564,327,448.36","2,418,903.00"
PEP,PEPSICO INC,Consumer Staples,Equity,"2,449,661,814.22",0.42,"2,449,661,814.22","16,109,837.00"
MCD,MCDONALDS CORP,Consumer Discretionary,Equity,"2,439,306,654.66",0.42,"2,439,306,654.66","8,414,594.00"
IBM,INTERNATIONAL BUSINESS MACHINES CO,Information Technology,Equity,"2,386,731,900.93",0.41,"2,386,731,900.93","10,857,171.00"
DIS,WALT DISNEY,Communication,Equity,"2,367,740,609.80",0.4,"2,367,740,609.80","21,263,948.00"
LIN,LINDE PLC,Materials,Equity,"2,340,783,132.66",0.4,"2,340,783,132.66","5,590,998.00"
TMO,THERMO FISHER SCIENTIFIC INC,Health Care,Equity,"2,336,544,894.87",0.4,"2,336,544,894.87","4,491,369.00"
ABT,ABBOTT LABORATORIES,Health Care,Equity,"2,303,597,355.12",0.39,"2,303,597,355.12","20,365,992.00"
AMD,ADVANCED MICRO DEVICES INC,Information Technology,Equity,"2,301,643,666.01",0.39,"2,301,643,666.01","19,054,919.00"
ADBE,ADOBE INC,Information Technology,Equity,"2,298,452,201.04",0.39,"2,298,452,201.04","5,168,778.00"
PM,PHILIP MORRIS INTERNATIONAL INC,Consumer Staples,Equity,"2,197,201,066.00",0.37,"2,197,201,066.00","18,256,760.00"
ISRG,INTUITIVE SURGICAL INC,Health Care,Equity,"2,182,963,034.32",0.37,"2,182,963,034.32","4,182,242.00"
GE,GE AEROSPACE,Industrials,Equity,"2,119,613,020.46",0.36,"2,119,613,020.46","12,708,274.00"
GS,GOLDMAN SACHS GROUP INC,Financials,Equity,"2,110,637,809.22",0.36,"2,110,637,809.22","3,685,931.00"
INTU,INTUIT INC,Information Technology,Equity,"2,068,526,742.00",0.35,"2,068,526,742.00","3,291,212.00"
CAT,CATERPILLAR INC,Industrials,Equity,"2,056,486,802.76",0.35,"2,056,486,802.76","5,669,001.00"
TXN,TEXAS INSTRUMENT INC,Information Technology,Equity,"2,008,457,112.00",0.34,"2,008,457,112.00","10,711,200.00"
QCOM,QUALCOMM INC,Information Technology,Equity,"2,004,023,440.98",0.34,"2,004,023,440.98","13,045,329.00"
VZ,VERIZON COMMUNICATIONS INC,Communication,Equity,"1,976,676,987.18",0.34,"1,976,676,987.18","49,429,282.00"
AXP,AMERICAN EXPRESS,Financials,Equity,"1,939,390,578.45",0.33,"1,939,390,578.45","6,534,555.00"
BKNG,BOOKING HOLDINGS INC,Consumer Discretionary,Equity,"1,930,539,212.04",0.33,"1,930,539,212.04","388,562.00"
T,AT&T INC,Communication,Equity,"1,918,419,497.28",0.33,"1,918,419,497.28","84,252,064.00"
SPGI,S&P GLOBAL INC,Financials,Equity,"1,856,705,144.97",0.32,"1,856,705,144.97","3,728,099.00"
MS,MORGAN STANLEY,Financials,Equity,"1,831,228,971.04",0.31,"1,831,228,971.04","14,565,932.00"
PLTR,PALANTIR TECHNOLOGIES INC CLASS A,Information Technology,Equity,"1,820,332,949.01",0.31,"1,820,332,949.01","24,068,927.00"
RTX,RTX CORP,Industrials,Equity,"1,808,554,784.08",0.31,"1,808,554,784.08","15,628,714.00"
PFE,PFIZER INC,Health Care,Equity,"1,765,349,496.96",0.3,"1,765,349,496.96","66,541,632.00"
BLK,BLACKROCK INC,Financials,Equity,"1,752,017,551.22",0.3,"1,752,017,551.22","1,709,102.00"
DHR,DANAHER CORP,Health Care,Equity,"1,732,649,597.85",0.3,"1,732,649,597.85","7,548,027.00"
NEE,NEXTERA ENERGY INC,Utilities,Equity,"1,731,006,810.18",0.3,"1,731,006,810.18","24,145,722.00"
HON,HONEYWELL INTERNATIONAL INC,Industrials,Equity,"1,724,721,427.03",0.29,"1,724,721,427.03","7,635,227.00"
CMCSA,COMCAST CORP CLASS A,Communication,Equity,"1,682,105,108.40",0.29,"1,682,105,108.40","44,820,280.00"
PGR,PROGRESSIVE CORP,Financials,Equity,"1,648,189,732.35",0.28,"1,648,189,732.35","6,878,635.00"
AMGN,AMGEN INC,Health Care,Equity,"1,645,077,578.40",0.28,"1,645,077,578.40","6,311,685.00"
LOW,LOWES COMPANIES INC,Consumer Discretionary,Equity,"1,643,985,887.60",0.28,"1,643,985,887.60","6,661,207.00"
UNP,UNION PACIFIC CORP,Industrials,Equity,"1,623,349,716.24",0.28,"1,623,349,716.24","7,118,706.00"
TJX,TJX INC,Consumer Discretionary,Equity,"1,599,940,590.45",0.27,"1,599,940,590.45","13,243,445.00"
AMAT,APPLIED MATERIAL INC,Information Technology,Equity,"1,574,279,867.16",0.27,"1,574,279,867.16","9,680,132.00"
C,CITIGROUP INC,Financials,Equity,"1,563,163,329.81",0.27,"1,563,163,329.81","22,207,179.00"
BA,BOEING,Industrials,Equity,"1,553,702,814.00",0.27,"1,553,702,814.00","8,777,982.00"
BSX,BOSTON SCIENTIFIC CORP,Health Care,Equity,"1,545,928,230.00",0.26,"1,545,928,230.00","17,307,750.00"
ETN,EATON PLC,Industrials,Equity,"1,540,018,176.62",0.26,"1,540,018,176.62","4,640,426.00"
COP,CONOCOPHILLIPS,Energy,Equity,"1,506,276,965.29",0.26,"1,506,276,965.29","15,188,837.00"
UBER,UBER TECHNOLOGIES INC,Industrials,Equity,"1,491,425,813.28",0.25,"1,491,425,813.28","24,725,229.00"
BX,BLACKSTONE INC,Financials,Equity,"1,461,724,171.90",0.25,"1,461,724,171.90","8,477,695.00"
SYK,STRYKER CORP,Health Care,Equity,"1,450,598,244.00",0.25,"1,450,598,244.00","4,028,880.00"
ADP,AUTOMATIC DATA PROCESSING INC,Industrials,Equity,"1,400,530,386.48",0.24,"1,400,530,386.48","4,784,376.00"
PANW,PALO ALTO NETWORKS INC,Information Technology,Equity,"1,398,385,526.96",0.24,"1,398,385,526.96","7,685,126.00"
FI,FISERV INC,Financials,Equity,"1,372,263,733.86",0.23,"1,372,263,733.86","6,680,283.00"
GILD,GILEAD SCIENCES INC,Health Care,Equity,"1,351,609,567.20",0.23,"1,351,609,567.20","14,632,560.00"
BMY,BRISTOL MYERS SQUIBB,Health Care,Equity,"1,346,962,825.60",0.23,"1,346,962,825.60","23,814,760.00"
ANET,ARISTA NETWORKS INC,Information Technology,Equity,"1,340,673,082.35",0.23,"1,340,673,082.35","12,129,495.00"
SCHW,CHARLES SCHWAB CORP,Financials,Equity,"1,299,356,046.93",0.22,"1,299,356,046.93","17,556,493.00"
DE,DEERE,Industrials,Equity,"1,265,897,811.40",0.22,"1,265,897,811.40","2,987,722.00"
TMUS,T MOBILE US INC,Communication,Equity,"1,263,267,588.55",0.22,"1,263,267,588.55","5,723,135.00"
ADI,ANALOG DEVICES INC,Information Technology,Equity,"1,238,592,721.74",0.21,"1,238,592,721.74","5,829,769.00"
MMC,MARSH & MCLENNAN INC,Financials,Equity,"1,224,900,923.62",0.21,"1,224,900,923.62","5,766,682.00"
VRTX,VERTEX PHARMACEUTICALS INC,Health Care,Equity,"1,217,714,865.20",0.21,"1,217,714,865.20","3,023,876.00"
CB,CHUBB LTD,Financials,Equity,"1,216,229,773.50",0.21,"1,216,229,773.50","4,401,845.00"
SBUX,STARBUCKS CORP,Consumer Discretionary,Equity,"1,214,497,076.25",0.21,"1,214,497,076.25","13,309,557.00"
LMT,LOCKHEED MARTIN CORP,Industrials,Equity,"1,203,744,813.18",0.21,"1,203,744,813.18","2,477,147.00"
MDT,MEDTRONIC PLC,Health Care,Equity,"1,202,889,035.88",0.21,"1,202,889,035.88","15,058,701.00"
KKR,KKR AND CO INC,Financials,Equity,"1,172,406,396.35",0.2,"1,172,406,396.35","7,926,485.00"
PLD,PROLOGIS REIT INC,Real Estate,Equity,"1,149,500,606.80",0.2,"1,149,500,606.80","10,875,124.00"
MU,MICRON TECHNOLOGY INC,Information Technology,Equity,"1,095,660,945.60",0.19,"1,095,660,945.60","13,018,785.00"
LRCX,LAM RESEARCH CORP,Information Technology,Equity,"1,091,262,613.49",0.19,"1,091,262,613.49","15,108,163.00"
UPS,UNITED PARCEL SERVICE INC CLASS B,Industrials,Equity,"1,082,915,148.90",0.18,"1,082,915,148.90","8,587,749.00"
EQIX,EQUINIX REIT INC,Real Estate,Equity,"1,068,242,511.05",0.18,"1,068,242,511.05","1,132,945.00"
GEV,GE VERNOVA INC,Industrials,Equity,"1,064,670,756.10",0.18,"1,064,670,756.10","3,236,770.00"
SO,SOUTHERN,Utilities,Equity,"1,059,086,725.20",0.18,"1,059,086,725.20","12,865,485.00"
NKE,NIKE INC CLASS B,Consumer Discretionary,Equity,"1,057,863,346.19",0.18,"1,057,863,346.19","13,979,957.00"
MO,ALTRIA GROUP INC,Consumer Staples,Equity,"1,040,595,524.01",0.18,"1,040,595,524.01","19,900,469.00"
INTC,INTEL CORPORATION CORP,Information Technology,Equity,"1,015,393,934.45",0.17,"1,015,393,934.45","50,643,089.00"
AMT,AMERICAN TOWER REIT CORP,Real Estate,Equity,"1,006,362,783.37",0.17,"1,006,362,783.37","5,486,957.00"
PYPL,PAYPAL HOLDINGS INC,Financials,Equity,"1,004,722,276.50",0.17,"1,004,722,276.50","11,771,790.00"
ICE,INTERCONTINENTAL EXCHANGE INC,Financials,Equity,"1,004,628,847.23",0.17,"1,004,628,847.23","6,742,023.00"
ELV,ELEVANCE HEALTH INC,Health Care,Equity,"1,004,588,111.10",0.17,"1,004,588,111.10","2,723,199.00"
KLAC,KLA CORP,Information Technology,Equity,"989,658,910.56",0.17,"989,658,910.56","1,570,588.00"
APH,AMPHENOL CORP CLASS A,Information Technology,Equity,"983,006,898.15",0.17,"983,006,898.15","14,154,167.00"
CME,CME GROUP INC CLASS A,Financials,Equity,"982,636,192.38",0.17,"982,636,192.38","4,231,306.00"
DUK,DUKE ENERGY CORP,Utilities,Equity,"977,615,413.86",0.17,"977,615,413.86","9,073,839.00"
TT,TRANE TECHNOLOGIES PLC,Industrials,Equity,"975,889,921.70",0.17,"975,889,921.70","2,642,182.00"
CDNS,CADENCE DESIGN SYSTEMS INC,Information Technology,Equity,"967,152,496.76",0.17,"967,152,496.76","3,218,906.00"
CMG,CHIPOTLE MEXICAN GRILL INC,Consumer Discretionary,Equity,"964,774,010.70",0.16,"964,774,010.70","15,999,569.00"
PH,PARKER-HANNIFIN CORP,Industrials,Equity,"961,050,870.45",0.16,"961,050,870.45","1,511,015.00"
MDLZ,MONDELEZ INTERNATIONAL INC CLASS A,Consumer Staples,Equity,"937,713,514.65",0.16,"937,713,514.65","15,699,205.00"
CRWD,CROWDSTRIKE HOLDINGS INC CLASS A,Information Technology,Equity,"934,980,257.12",0.16,"934,980,257.12","2,732,582.00"
SHW,SHERWIN WILLIAMS,Materials,Equity,"924,820,356.60",0.16,"924,820,356.60","2,720,620.00"
AON,AON PLC CLASS A,Financials,Equity,"912,069,939.48",0.16,"912,069,939.48","2,539,453.00"
MSI,MOTOROLA SOLUTIONS INC,Information Technology,Equity,"907,019,599.87",0.15,"907,019,599.87","1,962,269.00"
CI,CIGNA,Health Care,Equity,"901,890,636.82",0.15,"901,890,636.82","3,266,063.00"
PNC,PNC FINANCIAL SERVICES GROUP INC,Financials,Equity,"898,489,114.25",0.15,"898,489,114.25","4,659,005.00"
REGN,REGENERON PHARMACEUTICALS INC,Health Care,Equity,"880,517,523.97",0.15,"880,517,523.97","1,236,109.00"
USB,US BANCORP,Financials,Equity,"876,141,091.45",0.15,"876,141,091.45","18,317,815.00"
WELL,WELLTOWER INC,Real Estate,Equity,"875,403,875.88",0.15,"875,403,875.88","6,945,996.00"
SNPS,SYNOPSYS INC,Information Technology,Equity,"875,431,698.00",0.15,"875,431,698.00","1,803,675.00"
CL,COLGATE-PALMOLIVE,Consumer Staples,Equity,"872,124,902.98",0.15,"872,124,902.98","9,593,278.00"
APO,APOLLO GLOBAL MANAGEMENT INC,Financials,Equity,"866,848,536.08",0.15,"866,848,536.08","5,248,538.00"
MCO,MOODYS CORP,Financials,Equity,"866,152,544.46",0.15,"866,152,544.46","1,829,758.00"
WM,WASTE MANAGEMENT INC,Industrials,Equity,"865,420,001.64",0.15,"865,420,001.64","4,288,716.00"
ZTS,ZOETIS INC CLASS A,Health Care,Equity,"863,132,265.45",0.15,"863,132,265.45","5,297,565.00"
XTSLA,BLK CSH FND TREASURY SL AGENCY,Cash and/or Derivatives,Money Market,"858,142,748.71",0.15,"858,142,748.71","858,142,749.00"
MCK,MCKESSON CORP,Health Care,Equity,"849,453,704.55",0.14,"849,453,704.55","1,490,505.00"
TDG,TRANSDIGM GROUP INC,Industrials,Equity,"836,746,965.60",0.14,"836,746,965.60","660,270.00"
AJG,ARTHUR J GALLAGHER,Financials,Equity,"832,543,971.70",0.14,"832,543,971.70","2,933,042.00"
EMR,EMERSON ELECTRIC,Industrials,Equity,"829,747,661.49",0.14,"829,747,661.49","6,695,293.00"
MMM,3M,Industrials,Equity,"825,427,536.18",0.14,"825,427,536.18","6,394,202.00"
CEG,CONSTELLATION ENERGY CORP,Utilities,Equity,"821,586,384.21",0.14,"821,586,384.21","3,672,551.00"
EOG,EOG RESOURCES INC,Energy,Equity,"809,545,287.60",0.14,"809,545,287.60","6,604,220.00"
ORLY,OREILLY AUTOMOTIVE INC,Consumer Discretionary,Equity,"803,830,104.00",0.14,"803,830,104.00","677,880.00"
ITW,ILLINOIS TOOL INC,Industrials,Equity,"800,081,195.52",0.14,"800,081,195.52","3,155,392.00"
COF,CAPITAL ONE FINANCIAL CORP,Financials,Equity,"798,793,534.32",0.14,"798,793,534.32","4,479,551.00"
GD,GENERAL DYNAMICS CORP,Industrials,Equity,"798,435,302.70",0.14,"798,435,302.70","3,030,230.00"
WMB,WILLIAMS INC,Energy,Equity,"774,649,975.44",0.13,"774,649,975.44","14,313,562.00"
BDX,BECTON DICKINSON,Health Care,Equity,"769,991,108.25",0.13,"769,991,108.25","3,393,975.00"
APD,AIR PRODUCTS AND CHEMICALS INC,Materials,Equity,"757,127,667.00",0.13,"757,127,667.00","2,610,425.00"
MAR,MARRIOTT INTERNATIONAL INC CLASS A,Consumer Discretionary,Equity,"755,452,365.18",0.13,"755,452,365.18","2,708,297.00"
NOC,NORTHROP GRUMMAN CORP,Industrials,Equity,"754,650,701.01",0.13,"754,650,701.01","1,608,069.00"
ADSK,AUTODESK INC,Information Technology,Equity,"746,164,100.44",0.13,"746,164,100.44","2,524,492.00"
FDX,FEDEX CORP,Industrials,Equity,"742,504,422.45",0.13,"742,504,422.45","2,639,265.00"
CTAS,CINTAS CORP,Industrials,Equity,"735,589,845.90",0.13,"735,589,845.90","4,026,217.00"
TGT,TARGET CORP,Consumer Staples,Equity,"731,212,952.40",0.12,"731,212,952.40","5,409,180.00"
CSX,CSX CORP,Industrials,Equity,"730,703,421.56",0.12,"730,703,421.56","22,643,428.00"
HLT,HILTON WORLDWIDE HOLDINGS INC,Consumer Discretionary,Equity,"707,476,221.52",0.12,"707,476,221.52","2,862,422.00"
FTNT,FORTINET INC,Information Technology,Equity,"705,740,184.88",0.12,"705,740,184.88","7,469,731.00"
ECL,ECOLAB INC,Materials,Equity,"693,373,734.48",0.12,"693,373,734.48","2,959,089.00"
OKE,ONEOK INC,Energy,Equity,"688,696,209.60",0.12,"688,696,209.60","6,859,524.00"
GM,GENERAL MOTORS,Consumer Discretionary,Equity,"687,793,420.93",0.12,"687,793,420.93","12,911,459.00"
TFC,TRUIST FINANCIAL CORP,Financials,Equity,"676,193,037.84",0.12,"676,193,037.84","15,587,668.00"
RCL,ROYAL CARIBBEAN GROUP LTD,Consumer Discretionary,Equity,"670,046,487.08",0.11,"670,046,487.08","2,904,532.00"
CARR,CARRIER GLOBAL CORP,Industrials,Equity,"668,793,732.40",0.11,"668,793,732.40","9,797,740.00"
ABNB,AIRBNB INC CLASS A,Consumer Discretionary,Equity,"667,937,975.55",0.11,"667,937,975.55","5,082,855.00"
CVS,CVS HEALTH CORP,Health Care,Equity,"663,673,736.05",0.11,"663,673,736.05","14,784,445.00"
BK,BANK OF NEW YORK MELLON CORP,Financials,Equity,"655,919,606.55",0.11,"655,919,606.55","8,537,285.00"
ROP,ROPER TECHNOLOGIES INC,Information Technology,Equity,"654,855,045.00",0.11,"654,855,045.00","1,259,700.00"
SRE,SEMPRA,Utilities,Equity,"652,409,342.04",0.11,"652,409,342.04","7,437,407.00"
DLR,DIGITAL REALTY TRUST REIT INC,Real Estate,Equity,"649,248,575.85",0.11,"649,248,575.85","3,661,245.00"
WDAY,WORKDAY INC CLASS A,Information Technology,Equity,"645,329,159.55",0.11,"645,329,159.55","2,500,985.00"
HCA,HCA HEALTHCARE INC,Health Care,Equity,"642,731,305.05",0.11,"642,731,305.05","2,141,367.00"
FCX,FREEPORT MCMORAN INC,Materials,Equity,"642,500,458.88",0.11,"642,500,458.88","16,872,386.00"
TRV,TRAVELERS COMPANIES INC,Financials,Equity,"642,123,610.70",0.11,"642,123,610.70","2,665,630.00"
PCAR,PACCAR INC,Industrials,Equity,"640,382,486.80",0.11,"640,382,486.80","6,156,340.00"
SLB,SCHLUMBERGER NV,Energy,Equity,"635,736,281.94",0.11,"635,736,281.94","16,581,541.00"
AZO,AUTOZONE INC,Consumer Discretionary,Equity,"635,539,364.00",0.11,"635,539,364.00","198,482.00"
NSC,NORFOLK SOUTHERN CORP,Industrials,Equity,"623,457,784.10",0.11,"623,457,784.10","2,656,403.00"
KMI,KINDER MORGAN INC,Energy,Equity,"621,784,829.80",0.11,"621,784,829.80","22,692,877.00"
SPG,SIMON PROPERTY GROUP REIT INC,Real Estate,Equity,"620,368,270.74",0.11,"620,368,270.74","3,602,394.00"
NXPI,NXP SEMICONDUCTORS NV,Information Technology,Equity,"620,280,935.20",0.11,"620,280,935.20","2,984,272.00"
JCI,JOHNSON CONTROLS INTERNATIONAL PLC,Industrials,Equity,"619,109,476.47",0.11,"619,109,476.47","7,843,779.00"
AFL,AFLAC INC,Financials,Equity,"607,261,484.16",0.1,"607,261,484.16","5,870,664.00"
AMP,AMERIPRISE FINANCE INC,Financials,Equity,"606,529,347.96",0.1,"606,529,347.96","1,139,172.00"
ALL,ALLSTATE CORP,Financials,Equity,"599,446,573.96",0.1,"599,446,573.96","3,109,324.00"
CPRT,COPART INC,Industrials,Equity,"590,680,204.71",0.1,"590,680,204.71","10,292,389.00"
ROST,ROSS STORES INC,Consumer Discretionary,Equity,"589,272,133.73",0.1,"589,272,133.73","3,895,499.00"
AEP,AMERICAN ELECTRIC POWER INC,Utilities,Equity,"576,790,187.52",0.1,"576,790,187.52","6,253,824.00"
FICO,FAIR ISAAC CORP,Information Technology,Equity,"569,284,533.27",0.1,"569,284,533.27","285,939.00"
CMI,CUMMINS INC,Industrials,Equity,"561,588,325.20",0.1,"561,588,325.20","1,610,982.00"
MET,METLIFE INC,Financials,Equity,"559,199,705.64",0.1,"559,199,705.64","6,829,503.00"
PSA,PUBLIC STORAGE REIT,Real Estate,Equity,"554,404,476.24",0.09,"554,404,476.24","1,851,471.00"
PSX,PHILLIPS,Energy,Equity,"552,488,268.38",0.09,"552,488,268.38","4,849,366.00"
MSCI,MSCI INC,Financials,Equity,"552,162,802.56",0.09,"552,162,802.56","920,256.00"
VST,VISTRA CORP,Utilities,Equity,"550,772,726.90",0.09,"550,772,726.90","3,994,870.00"
O,REALTY INCOME REIT CORP,Real Estate,Equity,"548,878,547.00",0.09,"548,878,547.00","10,276,700.00"
GWW,WW GRAINGER INC,Industrials,Equity,"548,511,809.25",0.09,"548,511,809.25","520,385.00"
PWR,QUANTA SERVICES INC,Industrials,Equity,"547,321,799.85",0.09,"547,321,799.85","1,731,757.00"
URI,UNITED RENTALS INC,Industrials,Equity,"542,765,384.48",0.09,"542,765,384.48","770,492.00"
AIG,AMERICAN INTERNATIONAL GROUP INC,Financials,Equity,"533,205,036.00",0.09,"533,205,036.00","7,324,245.00"
D,DOMINION ENERGY INC,Utilities,Equity,"531,061,808.26",0.09,"531,061,808.26","9,860,041.00"
PAYX,PAYCHEX INC,Industrials,Equity,"527,373,169.02",0.09,"527,373,169.02","3,761,041.00"
MPC,MARATHON PETROLEUM CORP,Energy,Equity,"526,445,239.50",0.09,"526,445,239.50","3,773,801.00"
HWM,HOWMET AEROSPACE INC,Industrials,Equity,"521,743,788.39",0.09,"521,743,788.39","4,770,447.00"
PCG,PG&E CORP,Utilities,Equity,"518,027,965.70",0.09,"518,027,965.70","25,670,365.00"
KMB,KIMBERLY CLARK CORP,Consumer Staples,Equity,"513,116,079.84",0.09,"513,116,079.84","3,915,721.00"
EW,EDWARDS LIFESCIENCES CORP,Health Care,Equity,"512,685,807.37",0.09,"512,685,807.37","6,925,379.00"
DFS,DISCOVER FINANCIAL SERVICES,Financials,Equity,"510,696,418.09",0.09,"510,696,418.09","2,948,083.00"
FIS,FIDELITY NATIONAL INFORMATION SERV,Financials,Equity,"510,578,427.99",0.09,"510,578,427.99","6,321,387.00"
LULU,LULULEMON ATHLETICA INC,Consumer Discretionary,Equity,"507,175,086.60",0.09,"507,175,086.60","1,326,260.00"
AXON,AXON ENTERPRISE INC,Industrials,Equity,"505,515,516.96",0.09,"505,515,516.96","850,578.00"
TEL,TE CONNECTIVITY PLC,Information Technology,Equity,"502,224,873.03",0.09,"502,224,873.03","3,512,799.00"
NEM,NEWMONT,Materials,Equity,"497,544,677.40",0.08,"497,544,677.40","13,367,670.00"
PRU,PRUDENTIAL FINANCIAL INC,Financials,Equity,"495,470,453.31",0.08,"495,470,453.31","4,180,127.00"
PEG,PUBLIC SERVICE ENTERPRISE GROUP IN,Utilities,Equity,"494,275,709.41",0.08,"494,275,709.41","5,850,109.00"
AME,AMETEK INC,Industrials,Equity,"489,596,795.34",0.08,"489,596,795.34","2,716,059.00"
FAST,FASTENAL,Industrials,Equity,"483,972,780.87",0.08,"483,972,780.87","6,730,257.00"
RSG,REPUBLIC SERVICES INC,Industrials,Equity,"480,833,276.70",0.08,"480,833,276.70","2,390,065.00"
KVUE,KENVUE INC,Consumer Staples,Equity,"480,556,923.35",0.08,"480,556,923.35","22,508,521.00"
DHI,D R HORTON INC,Consumer Discretionary,Equity,"478,776,537.70",0.08,"478,776,537.70","3,424,235.00"
KR,KROGER,Consumer Staples,Equity,"477,923,450.80",0.08,"477,923,450.80","7,815,592.00"
BKR,BAKER HUGHES CLASS A,Energy,Equity,"476,612,774.68",0.08,"476,612,774.68","11,619,034.00"
LHX,L3HARRIS TECHNOLOGIES INC,Industrials,Equity,"468,304,704.84",0.08,"468,304,704.84","2,227,053.00"
CBRE,CBRE GROUP INC CLASS A,Real Estate,Equity,"463,715,360.97",0.08,"463,715,360.97","3,531,993.00"
CCI,CROWN CASTLE INC,Real Estate,Equity,"463,154,179.40",0.08,"463,154,179.40","5,103,065.00"
COR,CENCORA INC,Health Care,Equity,"462,674,761.48",0.08,"462,674,761.48","2,059,261.00"
CTVA,CORTEVA INC,Materials,Equity,"459,678,592.00",0.08,"459,678,592.00","8,070,200.00"
TRGP,TARGA RESOURCES CORP,Energy,Equity,"457,037,290.50",0.08,"457,037,290.50","2,560,433.00"
VRSK,VERISK ANALYTICS INC,Industrials,Equity,"456,698,195.04",0.08,"456,698,195.04","1,658,128.00"
VLO,VALERO ENERGY CORP,Energy,Equity,"455,702,090.74",0.08,"455,702,090.74","3,717,286.00"
DAL,DELTA AIR LINES INC,Industrials,Equity,"455,440,975.00",0.08,"455,440,975.00","7,527,950.00"
XEL,XCEL ENERGY INC,Utilities,Equity,"455,265,416.00",0.08,"455,265,416.00","6,742,675.00"
F,FORD MOTOR CO,Consumer Discretionary,Equity,"453,757,401.90",0.08,"453,757,401.90","45,834,081.00"
A,AGILENT TECHNOLOGIES INC,Health Care,Equity,"453,242,740.32",0.08,"453,242,740.32","3,373,848.00"
CTSH,COGNIZANT TECHNOLOGY SOLUTIONS COR,Information Technology,Equity,"447,919,583.80",0.08,"447,919,583.80","5,824,702.00"
EXC,EXELON CORP,Utilities,Equity,"444,106,229.76",0.08,"444,106,229.76","11,798,784.00"
SYY,SYSCO CORP,Consumer Staples,Equity,"441,014,475.06",0.08,"441,014,475.06","5,767,911.00"
YUM,YUM BRANDS INC,Consumer Discretionary,Equity,"439,614,817.20",0.08,"439,614,817.20","3,276,795.00"
IT,GARTNER INC,Information Technology,Equity,"438,252,046.47",0.07,"438,252,046.47","904,601.00"
OTIS,OTIS WORLDWIDE CORP,Industrials,Equity,"434,389,427.64",0.07,"434,389,427.64","4,690,524.00"
MNST,MONSTER BEVERAGE CORP,Consumer Staples,Equity,"432,141,644.88",0.07,"432,141,644.88","8,221,873.00"
HES,HESS CORP,Energy,Equity,"431,660,678.25",0.07,"431,660,678.25","3,245,325.00"
GLW,CORNING INC,Information Technology,Equity,"430,067,262.24",0.07,"430,067,262.24","9,050,237.00"
IR,INGERSOLL RAND INC,Industrials,Equity,"428,066,127.84",0.07,"428,066,127.84","4,732,104.00"
KDP,KEURIG DR PEPPER INC,Consumer Staples,Equity,"424,618,273.64",0.07,"424,618,273.64","13,219,747.00"
GEHC,GE HEALTHCARE TECHNOLOGIES INC,Health Care,Equity,"419,407,164.30",0.07,"419,407,164.30","5,364,635.00"
GIS,GENERAL MILLS INC,Consumer Staples,Equity,"415,697,435.23",0.07,"415,697,435.23","6,518,699.00"
DELL,DELL TECHNOLOGIES INC CLASS C,Information Technology,Equity,"415,638,758.52",0.07,"415,638,758.52","3,606,723.00"
USD,USD CASH,Cash and/or Derivatives,Cash,"413,324,401.17",0.07,"413,324,401.17","413,324,401.00"
EA,ELECTRONIC ARTS INC,Communication,Equity,"409,991,120.00",0.07,"409,991,120.00","2,802,400.00"
ACGL,ARCH CAPITAL GROUP LTD,Financials,Equity,"406,484,897.15",0.07,"406,484,897.15","4,401,569.00"
STZ,CONSTELLATION BRANDS INC CLASS A,Consumer Staples,Equity,"405,131,233.00",0.07,"405,131,233.00","1,833,173.00"
VMC,VULCAN MATERIALS,Materials,Equity,"398,870,612.74",0.07,"398,870,612.74","1,550,638.00"
IQV,IQVIA HOLDINGS INC,Health Care,Equity,"397,847,268.15",0.07,"397,847,268.15","2,024,565.00"
IDXX,IDEXX LABORATORIES INC,Health Care,Equity,"397,533,722.88",0.07,"397,533,722.88","961,527.00"
RMD,RESMED INC,Health Care,Equity,"394,173,743.04",0.07,"394,173,743.04","1,723,616.00"
OXY,OCCIDENTAL PETROLEUM CORP,Energy,Equity,"391,969,381.77",0.07,"391,969,381.77","7,932,997.00"
ODFL,OLD DOMINION FREIGHT LINE INC,Industrials,Equity,"389,143,868.40",0.07,"389,143,868.40","2,206,031.00"
CHTR,CHARTER COMMUNICATIONS INC CLASS A,Communication,Equity,"389,170,774.90",0.07,"389,170,774.90","1,135,370.00"
WAB,WESTINGHOUSE AIR BRAKE TECHNOLOGIE,Industrials,Equity,"382,662,957.89",0.07,"382,662,957.89","2,018,371.00"
LEN,LENNAR A CORP CLASS A,Consumer Discretionary,Equity,"382,386,662.06",0.07,"382,386,662.06","2,804,038.00"
ETR,ENTERGY CORP,Utilities,Equity,"381,762,874.22",0.07,"381,762,874.22","5,035,121.00"
ROK,ROCKWELL AUTOMATION INC,Industrials,Equity,"378,836,650.83",0.06,"378,836,650.83","1,325,577.00"
NDAQ,NASDAQ INC,Financials,Equity,"375,659,108.37",0.06,"375,659,108.37","4,859,127.00"
UAL,UNITED AIRLINES HOLDINGS INC,Industrials,Equity,"374,965,049.80",0.06,"374,965,049.80","3,861,638.00"
DD,DUPONT DE NEMOURS INC,Materials,Equity,"374,092,565.00",0.06,"374,092,565.00","4,906,132.00"
EXR,EXTRA SPACE STORAGE REIT INC,Real Estate,Equity,"372,370,407.20",0.06,"372,370,407.20","2,489,107.00"
HIG,HARTFORD FINANCIAL SERVICES GROUP,Financials,Equity,"372,384,472.00",0.06,"372,384,472.00","3,403,880.00"
GRMN,GARMIN LTD,Consumer Discretionary,Equity,"372,040,649.96",0.06,"372,040,649.96","1,803,746.00"
MLM,MARTIN MARIETTA MATERIALS INC,Materials,Equity,"370,666,225.00",0.06,"370,666,225.00","717,650.00"
EFX,EQUIFAX INC,Industrials,Equity,"370,640,842.65",0.06,"370,640,842.65","1,454,349.00"
WTW,WILLIS TOWERS WATSON PLC,Financials,Equity,"370,487,742.40",0.06,"370,487,742.40","1,182,760.00"
HPQ,HP INC,Information Technology,Equity,"369,240,101.10",0.06,"369,240,101.10","11,315,970.00"
AVB,AVALONBAY COMMUNITIES REIT INC,Real Estate,Equity,"366,891,262.55",0.06,"366,891,262.55","1,667,915.00"
MTB,M&T BANK CORP,Financials,Equity,"366,284,090.16",0.06,"366,284,090.16","1,948,216.00"
ED,CONSOLIDATED EDISON INC,Utilities,Equity,"362,647,049.09",0.06,"362,647,049.09","4,064,183.00"
EIX,EDISON INTERNATIONAL,Utilities,Equity,"362,360,067.52",0.06,"362,360,067.52","4,538,578.00"
DECK,DECKERS OUTDOOR CORP,Consumer Discretionary,Equity,"362,273,566.72",0.06,"362,273,566.72","1,783,808.00"
IRM,IRON MOUNTAIN INC,Real Estate,Equity,"362,324,365.67",0.06,"362,324,365.67","3,447,097.00"
MCHP,MICROCHIP TECHNOLOGY INC,Information Technology,Equity,"361,674,448.70",0.06,"361,674,448.70","6,306,442.00"
VICI,VICI PPTYS INC,Real Estate,Equity,"361,565,586.24",0.06,"361,565,586.24","12,378,144.00"
FANG,DIAMONDBACK ENERGY INC,Energy,Equity,"359,488,728.57",0.06,"359,488,728.57","2,194,279.00"
CNC,CENTENE CORP,Health Care,Equity,"359,122,177.70",0.06,"359,122,177.70","5,928,065.00"
HUM,HUMANA INC,Health Care,Equity,"358,710,674.31",0.06,"358,710,674.31","1,413,861.00"
DXCM,DEXCOM INC,Health Care,Equity,"356,683,628.07",0.06,"356,683,628.07","4,586,391.00"
TTWO,TAKE TWO INTERACTIVE SOFTWARE INC,Communication,Equity,"352,660,832.16",0.06,"352,660,832.16","1,915,802.00"
WEC,WEC ENERGY GROUP INC,Utilities,Equity,"349,422,829.32",0.06,"349,422,829.32","3,715,683.00"
EBAY,EBAY INC,Consumer Discretionary,Equity,"348,434,987.25",0.06,"348,434,987.25","5,624,455.00"
ANSS,ANSYS INC,Information Technology,Equity,"346,363,360.07",0.06,"346,363,360.07","1,026,779.00"
CSGP,COSTAR GROUP INC,Real Estate,Equity,"344,603,189.94",0.06,"344,603,189.94","4,813,566.00"
MPWR,MONOLITHIC POWER SYSTEMS INC,Information Technology,Equity,"338,891,441.40",0.06,"338,891,441.40","572,742.00"
STT,STATE STREET CORP,Financials,Equity,"337,846,924.35",0.06,"337,846,924.35","3,442,149.00"
TSCO,TRACTOR SUPPLY,Consumer Discretionary,Equity,"336,485,083.76",0.06,"336,485,083.76","6,341,596.00"
CAH,CARDINAL HEALTH INC,Health Care,Equity,"336,081,354.15",0.06,"336,081,354.15","2,841,645.00"
GPN,GLOBAL PAYMENTS INC,Financials,Equity,"335,040,798.04",0.06,"335,040,798.04","2,989,834.00"
RJF,RAYMOND JAMES INC,Financials,Equity,"333,712,835.96",0.06,"333,712,835.96","2,148,412.00"
FITB,FIFTH THIRD BANCORP,Financials,Equity,"332,893,186.64",0.06,"332,893,186.64","7,873,538.00"
XYL,XYLEM INC,Industrials,Equity,"331,113,190.64",0.06,"331,113,190.64","2,853,932.00"
DOW,DOW INC,Materials,Equity,"329,885,735.51",0.06,"329,885,735.51","8,220,427.00"
KEYS,KEYSIGHT TECHNOLOGIES INC,Information Technology,Equity,"327,328,119.51",0.06,"327,328,119.51","2,037,777.00"
HPE,HEWLETT PACKARD ENTERPRISE,Information Technology,Equity,"325,563,737.45",0.06,"325,563,737.45","15,248,887.00"
GDDY,GODADDY INC CLASS A,Information Technology,Equity,"325,352,010.69",0.06,"325,352,010.69","1,648,437.00"
PPG,PPG INDUSTRIES INC,Materials,Equity,"325,394,820.05",0.06,"325,394,820.05","2,724,109.00"
EQT,EQT CORP,Energy,Equity,"323,056,711.98",0.06,"323,056,711.98","7,006,218.00"
NUE,NUCOR CORP,Materials,Equity,"321,795,496.33",0.05,"321,795,496.33","2,757,223.00"
KHC,KRAFT HEINZ,Consumer Staples,Equity,"318,298,770.02",0.05,"318,298,770.02","10,364,662.00"
ON,ON SEMICONDUCTOR CORP,Information Technology,Equity,"315,231,085.00",0.05,"315,231,085.00","4,999,700.00"
SW,SMURFIT WESTROCK PLC,Materials,Equity,"312,303,655.24",0.05,"312,303,655.24","5,798,434.00"
BR,BROADRIDGE FINANCIAL SOLUTIONS INC,Industrials,Equity,"310,178,297.16",0.05,"310,178,297.16","1,371,924.00"
FTV,FORTIVE CORP,Industrials,Equity,"305,535,525.00",0.05,"305,535,525.00","4,073,807.00"
CCL,CARNIVAL CORP,Consumer Discretionary,Equity,"303,949,389.52",0.05,"303,949,389.52","12,197,006.00"
MTD,METTLER TOLEDO INC,Health Care,Equity,"303,285,416.96",0.05,"303,285,416.96","247,847.00"
DOV,DOVER CORP,Industrials,Equity,"302,202,776.40",0.05,"302,202,776.40","1,610,889.00"
CHD,CHURCH AND DWIGHT INC,Consumer Staples,Equity,"301,184,597.99",0.05,"301,184,597.99","2,876,369.00"
SYF,SYNCHRONY FINANCIAL,Financials,Equity,"297,154,455.00",0.05,"297,154,455.00","4,571,607.00"
VLTO,VERALTO CORP,Industrials,Equity,"295,838,093.25",0.05,"295,838,093.25","2,904,645.00"
TROW,T ROWE PRICE GROUP INC,Financials,Equity,"295,004,538.38",0.05,"295,004,538.38","2,608,582.00"
NVR,NVR INC,Consumer Discretionary,Equity,"294,055,991.70",0.05,"294,055,991.70","35,953.00"
HSY,HERSHEY FOODS,Consumer Staples,Equity,"293,918,440.80",0.05,"293,918,440.80","1,735,568.00"
DTE,DTE ENERGY,Utilities,Equity,"293,795,134.50",0.05,"293,795,134.50","2,433,086.00"
VTR,VENTAS REIT INC,Real Estate,Equity,"290,087,899.92",0.05,"290,087,899.92","4,925,928.00"
TYL,TYLER TECHNOLOGIES INC,Information Technology,Equity,"289,804,271.36",0.05,"289,804,271.36","502,574.00"
EQR,EQUITY RESIDENTIAL REIT,Real Estate,Equity,"287,697,321.60",0.05,"287,697,321.60","4,009,160.00"
AWK,AMERICAN WATER WORKS INC,Utilities,Equity,"284,880,924.16",0.05,"284,880,924.16","2,288,384.00"
BRO,BROWN & BROWN INC,Financials,Equity,"283,945,532.68",0.05,"283,945,532.68","2,783,234.00"
ADM,ARCHER DANIELS MIDLAND,Consumer Staples,Equity,"283,628,979.84",0.05,"283,628,979.84","5,614,192.00"
PPL,PPL CORP,Utilities,Equity,"281,417,228.52",0.05,"281,417,228.52","8,669,662.00"
HAL,HALLIBURTON,Energy,Equity,"280,473,958.65",0.05,"280,473,958.65","10,315,335.00"
AEE,AMEREN CORP,Utilities,Equity,"279,453,454.30",0.05,"279,453,454.30","3,134,995.00"
NTAP,NETAPP INC,Information Technology,Equity,"279,116,913.76",0.05,"279,116,913.76","2,404,522.00"
WST,WEST PHARMACEUTICAL SERVICES INC,Health Care,Equity,"278,536,715.28",0.05,"278,536,715.28","850,338.00"
HBAN,HUNTINGTON BANCSHARES INC,Financials,Equity,"277,733,927.43",0.05,"277,733,927.43","17,070,309.00"
WBD,WARNER BROS. DISCOVERY INC SERIES,Communication,Equity,"277,188,694.72",0.05,"277,188,694.72","26,224,096.00"
CPAY,CORPAY INC,Financials,Equity,"277,016,059.94",0.05,"277,016,059.94","818,557.00"
CDW,CDW CORP,Information Technology,Equity,"272,325,087.08",0.05,"272,325,087.08","1,564,727.00"
EXPE,EXPEDIA GROUP INC,Consumer Discretionary,Equity,"268,732,020.21",0.05,"268,732,020.21","1,442,237.00"
HUBB,HUBBELL INC,Industrials,Equity,"263,966,884.62",0.05,"263,966,884.62","630,158.00"
CINF,CINCINNATI FINANCIAL CORP,Financials,Equity,"263,860,215.60",0.05,"263,860,215.60","1,836,188.00"
PHM,PULTEGROUP INC,Consumer Discretionary,Equity,"262,237,189.50",0.04,"262,237,189.50","2,408,055.00"
BIIB,BIOGEN INC,Health Care,Equity,"261,819,531.28",0.04,"261,819,531.28","1,712,134.00"
PTC,PTC INC,Information Technology,Equity,"259,353,967.23",0.04,"259,353,967.23","1,410,529.00"
WAT,WATERS CORP,Health Care,Equity,"258,830,891.10",0.04,"258,830,891.10","697,695.00"
DRI,DARDEN RESTAURANTS INC,Consumer Discretionary,Equity,"257,579,180.04",0.04,"257,579,180.04","1,379,716.00"
SBAC,SBA COMMUNICATIONS REIT CORP CLASS,Real Estate,Equity,"257,220,056.00",0.04,"257,220,056.00","1,262,120.00"
K,KELLANOVA,Consumer Staples,Equity,"255,244,403.01",0.04,"255,244,403.01","3,152,333.00"
TDY,TELEDYNE TECHNOLOGIES INC,Information Technology,Equity,"253,999,783.80",0.04,"253,999,783.80","547,260.00"
IFF,INTERNATIONAL FLAVORS & FRAGRANCES,Materials,Equity,"253,834,065.35",0.04,"253,834,065.35","3,002,177.00"
ATO,ATMOS ENERGY CORP,Utilities,Equity,"253,844,643.60",0.04,"253,844,643.60","1,822,680.00"
DVN,DEVON ENERGY CORP,Energy,Equity,"252,457,487.28",0.04,"252,457,487.28","7,713,336.00"
RF,REGIONS FINANCIAL CORP,Financials,Equity,"251,001,488.64",0.04,"251,001,488.64","10,671,832.00"
ES,EVERSOURCE ENERGY,Utilities,Equity,"247,080,112.69",0.04,"247,080,112.69","4,302,283.00"
ZBH,ZIMMER BIOMET HOLDINGS INC,Health Care,Equity,"246,917,307.84",0.04,"246,917,307.84","2,337,568.00"
TPL,TEXAS PACIFIC LAND CORP,Energy,Equity,"244,810,881.76",0.04,"244,810,881.76","221,356.00"
CNP,CENTERPOINT ENERGY INC,Utilities,Equity,"242,805,987.69",0.04,"242,805,987.69","7,652,253.00"
WDC,WESTERN DIGITAL CORP,Information Technology,Equity,"242,054,210.47",0.04,"242,054,210.47","4,059,269.00"
TER,TERADYNE INC,Information Technology,Equity,"240,798,201.12",0.04,"240,798,201.12","1,912,311.00"
ULTA,ULTA BEAUTY INC,Consumer Discretionary,Equity,"240,600,666.42",0.04,"240,600,666.42","553,194.00"
CBOE,CBOE GLOBAL MARKETS INC,Financials,Equity,"240,125,301.40",0.04,"240,125,301.40","1,228,891.00"
WY,WEYERHAEUSER REIT,Real Estate,Equity,"240,163,160.65",0.04,"240,163,160.65","8,531,551.00"
FE,FIRSTENERGY CORP,Utilities,Equity,"239,615,307.36",0.04,"239,615,307.36","6,023,512.00"
NTRS,NORTHERN TRUST CORP,Financials,Equity,"238,563,830.00",0.04,"238,563,830.00","2,327,452.00"
LYV,LIVE NATION ENTERTAINMENT INC,Communication,Equity,"238,248,790.50",0.04,"238,248,790.50","1,839,759.00"
STE,STERIS,Health Care,Equity,"238,223,895.12",0.04,"238,223,895.12","1,158,902.00"
LUV,SOUTHWEST AIRLINES,Industrials,Equity,"236,761,117.40",0.04,"236,761,117.40","7,042,270.00"
CLX,CLOROX,Consumer Staples,Equity,"236,051,566.30",0.04,"236,051,566.30","1,453,430.00"
PKG,PACKAGING CORP OF AMERICA,Materials,Equity,"235,703,230.45",0.04,"235,703,230.45","1,046,965.00"
CMS,CMS ENERGY CORP,Utilities,Equity,"233,959,895.40",0.04,"233,959,895.40","3,510,276.00"
ZBRA,ZEBRA TECHNOLOGIES CORP CLASS A,Information Technology,Equity,"233,722,964.10",0.04,"233,722,964.10","605,155.00"
LII,LENNOX INTERNATIONAL INC,Industrials,Equity,"229,366,719.90",0.04,"229,366,719.90","376,443.00"
LYB,LYONDELLBASELL INDUSTRIES NV CLASS,Materials,Equity,"226,571,924.04",0.04,"226,571,924.04","3,050,652.00"
CFG,CITIZENS FINANCIAL GROUP INC,Financials,Equity,"226,443,778.00",0.04,"226,443,778.00","5,174,675.00"
MKC,MCCORMICK & CO NON-VOTING INC,Consumer Staples,Equity,"225,858,102.88",0.04,"225,858,102.88","2,962,462.00"
LDOS,LEIDOS HOLDINGS INC,Industrials,Equity,"225,702,259.44",0.04,"225,702,259.44","1,566,724.00"
LH,LABCORP HOLDINGS INC,Health Care,Equity,"225,221,134.32",0.04,"225,221,134.32","982,126.00"
FSLR,FIRST SOLAR INC,Information Technology,Equity,"221,473,582.16",0.04,"221,473,582.16","1,256,659.00"
CTRA,COTERRA ENERGY INC,Energy,Equity,"220,903,734.96",0.04,"220,903,734.96","8,649,324.00"
IP,INTERNATIONAL PAPER,Materials,Equity,"219,711,215.88",0.04,"219,711,215.88","4,082,334.00"
ESS,ESSEX PROPERTY TRUST REIT INC,Real Estate,Equity,"215,460,673.28",0.04,"215,460,673.28","754,837.00"
PODD,INSULET CORP,Health Care,Equity,"215,040,226.16",0.04,"215,040,226.16","823,688.00"
COO,COOPER INC,Health Care,Equity,"215,046,241.27",0.04,"215,046,241.27","2,339,239.00"
NRG,NRG ENERGY INC,Utilities,Equity,"214,595,307.16",0.04,"214,595,307.16","2,378,578.00"
STX,SEAGATE TECHNOLOGY HOLDINGS PLC,Information Technology,Equity,"214,371,772.02",0.04,"214,371,772.02","2,483,742.00"
FDS,FACTSET RESEARCH SYSTEMS INC,Financials,Equity,"214,203,439.16",0.04,"214,203,439.16","445,997.00"
INVH,INVITATION HOMES INC,Real Estate,Equity,"213,801,261.23",0.04,"213,801,261.23","6,687,559.00"
MAA,MID AMERICA APARTMENT COMMUNITIES,Real Estate,Equity,"212,087,815.55",0.04,"212,087,815.55","1,372,115.00"
LVS,LAS VEGAS SANDS CORP,Consumer Discretionary,Equity,"209,876,220.00",0.04,"209,876,220.00","4,086,375.00"
SNA,SNAP ON INC,Industrials,Equity,"209,299,604.40",0.04,"209,299,604.40","616,530.00"
WRB,WR BERKLEY CORP,Financials,Equity,"206,724,182.28",0.04,"206,724,182.28","3,532,539.00"
EL,ESTEE LAUDER INC CLASS A,Consumer Staples,Equity,"205,273,495.80",0.04,"205,273,495.80","2,737,710.00"
TRMB,TRIMBLE INC,Information Technology,Equity,"202,811,865.00",0.03,"202,811,865.00","2,870,250.00"
NI,NISOURCE INC,Utilities,Equity,"201,478,986.80",0.03,"201,478,986.80","5,480,930.00"
VRSN,VERISIGN INC,Information Technology,Equity,"200,832,328.32",0.03,"200,832,328.32","970,392.00"
KEY,KEYCORP,Financials,Equity,"199,497,447.74",0.03,"199,497,447.74","11,639,291.00"
DGX,QUEST DIAGNOSTICS INC,Health Care,Equity,"197,438,930.16",0.03,"197,438,930.16","1,308,756.00"
OMC,OMNICOM GROUP INC,Communication,Equity,"197,098,625.16",0.03,"197,098,625.16","2,290,779.00"
BBY,BEST BUY INC,Consumer Discretionary,Equity,"196,859,863.20",0.03,"196,859,863.20","2,294,404.00"
HOLX,HOLOGIC INC,Health Care,Equity,"196,553,961.72",0.03,"196,553,961.72","2,726,508.00"
DG,DOLLAR GENERAL CORP,Consumer Staples,Equity,"195,735,698.88",0.03,"195,735,698.88","2,581,584.00"
MOH,MOLINA HEALTHCARE INC,Health Care,Equity,"195,470,635.25",0.03,"195,470,635.25","671,605.00"
PNR,PENTAIR,Industrials,Equity,"195,260,721.60",0.03,"195,260,721.60","1,940,190.00"
J,JACOBS SOLUTIONS INC,Industrials,Equity,"194,944,765.38",0.03,"194,944,765.38","1,458,949.00"
BALL,BALL CORP,Materials,Equity,"193,181,143.26",0.03,"193,181,143.26","3,504,102.00"
BLDR,BUILDERS FIRSTSOURCE INC,Industrials,Equity,"193,142,023.65",0.03,"193,142,023.65","1,351,305.00"
TSN,TYSON FOODS INC CLASS A,Consumer Staples,Equity,"192,990,932.80",0.03,"192,990,932.80","3,359,870.00"
PFG,PRINCIPAL FINANCIAL GROUP INC,Financials,Equity,"191,268,188.86",0.03,"191,268,188.86","2,470,846.00"
JBL,JABIL INC,Information Technology,Equity,"190,658,722.10",0.03,"190,658,722.10","1,324,939.00"
GPC,GENUINE PARTS,Consumer Discretionary,Equity,"190,616,888.28",0.03,"190,616,888.28","1,632,553.00"
STLD,STEEL DYNAMICS INC,Materials,Equity,"189,650,614.67",0.03,"189,650,614.67","1,662,581.00"
IEX,IDEX CORP,Industrials,Equity,"186,057,135.68",0.03,"186,057,135.68","888,992.00"
KIM,KIMCO REALTY REIT CORP,Real Estate,Equity,"185,387,555.43",0.03,"185,387,555.43","7,912,401.00"
MAS,MASCO CORP,Industrials,Equity,"183,844,774.08",0.03,"183,844,774.08","2,533,344.00"
EG,EVEREST GROUP LTD,Financials,Equity,"182,933,924.46",0.03,"182,933,924.46","504,701.00"
EXPD,EXPEDITORS INTERNATIONAL OF WASHIN,Industrials,Equity,"182,054,150.41",0.03,"182,054,150.41","1,643,533.00"
SMCI,SUPER MICRO COMPUTER INC,Information Technology,Equity,"180,389,875.44",0.03,"180,389,875.44","5,918,303.00"
L,LOEWS CORP,Financials,Equity,"179,742,922.47",0.03,"179,742,922.47","2,122,363.00"
TPR,TAPESTRY INC,Consumer Discretionary,Equity,"178,765,876.16",0.03,"178,765,876.16","2,736,352.00"
LNT,ALLIANT ENERGY CORP,Utilities,Equity,"178,238,083.62",0.03,"178,238,083.62","3,013,833.00"
ARE,ALEXANDRIA REAL ESTATE EQUITIES RE,Real Estate,Equity,"178,154,199.30",0.03,"178,154,199.30","1,826,286.00"
DLTR,DOLLAR TREE INC,Consumer Staples,Equity,"177,904,487.46",0.03,"177,904,487.46","2,373,959.00"
AVY,AVERY DENNISON CORP,Materials,Equity,"176,551,166.84",0.03,"176,551,166.84","943,468.00"
BAX,BAXTER INTERNATIONAL INC,Health Care,Equity,"174,839,365.08",0.03,"174,839,365.08","5,995,863.00"
VTRS,VIATRIS INC,Health Care,Equity,"174,634,282.50",0.03,"174,634,282.50","14,026,850.00"
GEN,GEN DIGITAL INC,Information Technology,Equity,"174,312,114.14",0.03,"174,312,114.14","6,366,403.00"
CF,CF INDUSTRIES HOLDINGS INC,Materials,Equity,"174,333,161.52",0.03,"174,333,161.52","2,043,286.00"
ALGN,ALIGN TECHNOLOGY INC,Health Care,Equity,"171,852,690.94",0.03,"171,852,690.94","824,194.00"
FFIV,F5 INC,Information Technology,Equity,"171,545,289.90",0.03,"171,545,289.90","682,170.00"
DPZ,DOMINOS PIZZA INC,Consumer Discretionary,Equity,"170,221,075.20",0.03,"170,221,075.20","405,520.00"
AKAM,AKAMAI TECHNOLOGIES INC,Information Technology,Equity,"168,717,608.90",0.03,"168,717,608.90","1,763,906.00"
TXT,TEXTRON INC,Industrials,Equity,"166,620,002.76",0.03,"166,620,002.76","2,178,324.00"
DOC,HEALTHPEAK PROPERTIES INC,Real Estate,Equity,"166,475,199.22",0.03,"166,475,199.22","8,212,886.00"
EVRG,EVERGY INC,Utilities,Equity,"166,383,621.85",0.03,"166,383,621.85","2,703,227.00"
SWKS,SKYWORKS SOLUTIONS INC,Information Technology,Equity,"166,397,467.08",0.03,"166,397,467.08","1,876,381.00"
MRNA,MODERNA INC,Health Care,Equity,"165,338,088.30",0.03,"165,338,088.30","3,976,385.00"
APTV,APTIV LTD,Consumer Discretionary,Equity,"163,899,106.56",0.03,"163,899,106.56","2,709,972.00"
AMCR,AMCOR PLC,Materials,Equity,"159,849,410.85",0.03,"159,849,410.85","16,987,185.00"
JBHT,JB HUNT TRANSPORT SERVICES INC,Industrials,Equity,"159,620,004.60",0.03,"159,620,004.60","935,310.00"
RVTY,REVVITY INC,Health Care,Equity,"159,489,462.29",0.03,"159,489,462.29","1,428,989.00"
EPAM,EPAM SYSTEMS INC,Information Technology,Equity,"155,741,188.86",0.03,"155,741,188.86","666,073.00"
CAG,CONAGRA BRANDS INC,Consumer Staples,Equity,"155,515,828.50",0.03,"155,515,828.50","5,604,174.00"
UDR,UDR REIT INC,Real Estate,Equity,"153,109,283.91",0.03,"153,109,283.91","3,527,051.00"
ROL,ROLLINS INC,Industrials,Equity,"152,799,449.40",0.03,"152,799,449.40","3,296,644.00"
POOL,POOL CORP,Consumer Discretionary,Equity,"152,368,813.52",0.03,"152,368,813.52","446,908.00"
JKHY,JACK HENRY AND ASSOCIATES INC,Financials,Equity,"150,202,474.30",0.03,"150,202,474.30","856,831.00"
KMX,CARMAX INC,Consumer Discretionary,Equity,"148,734,194.56",0.03,"148,734,194.56","1,819,156.00"
JNPR,JUNIPER NETWORKS INC,Information Technology,Equity,"145,592,941.90",0.02,"145,592,941.90","3,887,662.00"
CPT,CAMDEN PROPERTY TRUST REIT,Real Estate,Equity,"145,450,570.08",0.02,"145,450,570.08","1,253,452.00"
SWK,STANLEY BLACK & DECKER INC,Industrials,Equity,"145,306,754.46",0.02,"145,306,754.46","1,809,774.00"
HST,HOST HOTELS & RESORTS REIT INC,Real Estate,Equity,"143,804,037.36",0.02,"143,804,037.36","8,207,993.00"
CHRW,CH ROBINSON WORLDWIDE INC,Industrials,Equity,"143,399,894.40",0.02,"143,399,894.40","1,387,920.00"
REG,REGENCY CENTERS REIT CORP,Real Estate,Equity,"141,837,588.27",0.02,"141,837,588.27","1,918,539.00"
SJM,JM SMUCKER,Consumer Staples,Equity,"137,783,795.80",0.02,"137,783,795.80","1,251,215.00"
DAY,DAYFORCE INC,Industrials,Equity,"134,507,851.20",0.02,"134,507,851.20","1,851,705.00"
TECH,BIO TECHNE CORP,Health Care,Equity,"134,383,777.92",0.02,"134,383,777.92","1,865,664.00"
NDSN,NORDSON CORP,Industrials,Equity,"133,466,035.64",0.02,"133,466,035.64","637,861.00"
ALLE,ALLEGION PLC,Industrials,Equity,"133,391,610.00",0.02,"133,391,610.00","1,020,750.00"
NCLH,NORWEGIAN CRUISE LINE HOLDINGS LTD,Consumer Discretionary,Equity,"132,944,517.11",0.02,"132,944,517.11","5,166,907.00"
INCY,INCYTE CORP,Health Care,Equity,"129,709,039.52",0.02,"129,709,039.52","1,877,936.00"
AIZ,ASSURANT INC,Financials,Equity,"128,409,826.02",0.02,"128,409,826.02","602,241.00"
BG,BUNGE GLOBAL SA,Consumer Staples,Equity,"127,490,397.12",0.02,"127,490,397.12","1,639,537.00"
BXP,BXP INC,Real Estate,Equity,"127,015,505.76",0.02,"127,015,505.76","1,708,116.00"
FOXA,FOX CORP CLASS A,Communication,Equity,"126,154,730.10",0.02,"126,154,730.10","2,596,845.00"
EMN,EASTMAN CHEMICAL,Materials,Equity,"124,294,738.80",0.02,"124,294,738.80","1,361,090.00"
UHS,UNIVERSAL HEALTH SERVICES INC CLAS,Health Care,Equity,"123,688,739.02",0.02,"123,688,739.02","689,381.00"
IPG,INTERPUBLIC GROUP OF COMPANIES INC,Communication,Equity,"122,557,826.82",0.02,"122,557,826.82","4,373,941.00"
NWSA,NEWS CORP CLASS A,Communication,Equity,"122,439,480.12",0.02,"122,439,480.12","4,445,878.00"
ERIE,ERIE INDEMNITY CLASS A,Financials,Equity,"120,713,723.13",0.02,"120,713,723.13","292,831.00"
ALB,ALBEMARLE CORP,Materials,Equity,"118,828,877.76",0.02,"118,828,877.76","1,380,447.00"
TAP,MOLSON COORS BREWING CLASS B,Consumer Staples,Equity,"117,561,944.32",0.02,"117,561,944.32","2,050,976.00"
PAYC,PAYCOM SOFTWARE INC,Industrials,Equity,"117,009,379.17",0.02,"117,009,379.17","570,861.00"
PNW,PINNACLE WEST CORP,Utilities,Equity,"113,145,655.49",0.02,"113,145,655.49","1,334,737.00"
LKQ,LKQ CORP,Consumer Discretionary,Equity,"112,178,493.00",0.02,"112,178,493.00","3,052,476.00"
LW,LAMB WESTON HOLDINGS INC,Consumer Staples,Equity,"111,899,483.70",0.02,"111,899,483.70","1,674,390.00"
CRL,CHARLES RIVER LABORATORIES INTERNA,Health Care,Equity,"110,844,177.60",0.02,"110,844,177.60","600,456.00"
GL,GLOBE LIFE INC,Financials,Equity,"109,929,947.84",0.02,"109,929,947.84","985,742.00"
ENPH,ENPHASE ENERGY INC,Information Technology,Equity,"108,952,441.04",0.02,"108,952,441.04","1,586,378.00"
RL,RALPH LAUREN CORP CLASS A,Consumer Discretionary,Equity,"108,819,297.60",0.02,"108,819,297.60","471,120.00"
GNRC,GENERAC HOLDINGS INC,Industrials,Equity,"108,321,341.10",0.02,"108,321,341.10","698,622.00"
AES,AES CORP,Utilities,Equity,"107,418,451.14",0.02,"107,418,451.14","8,346,422.00"
SOLV,SOLVENTUM CORP,Health Care,Equity,"107,127,652.32",0.02,"107,127,652.32","1,621,672.00"
HRL,HORMEL FOODS CORP,Consumer Staples,Equity,"107,022,048.85",0.02,"107,022,048.85","3,411,605.00"
HSIC,HENRY SCHEIN INC,Health Care,Equity,"101,312,952.00",0.02,"101,312,952.00","1,464,060.00"
FRT,FEDERAL REALTY INVESTMENT TRUST RE,Real Estate,Equity,"100,518,897.45",0.02,"100,518,897.45","897,891.00"
MKTX,MARKETAXESS HOLDINGS INC,Financials,Equity,"100,228,622.44",0.02,"100,228,622.44","443,411.00"
APA,APA CORP,Energy,Equity,"100,255,717.86",0.02,"100,255,717.86","4,341,954.00"
TFX,TELEFLEX INC,Health Care,Equity,"97,069,046.14",0.02,"97,069,046.14","545,393.00"
CPB,CAMPBELL SOUP,Consumer Staples,Equity,"96,592,450.80",0.02,"96,592,450.80","2,306,410.00"
MTCH,MATCH GROUP INC,Communication,Equity,"96,439,121.97",0.02,"96,439,121.97","2,948,307.00"
AOS,A O SMITH CORP,Industrials,Equity,"95,399,529.15",0.02,"95,399,529.15","1,398,615.00"
WYNN,WYNN RESORTS LTD,Consumer Discretionary,Equity,"93,587,681.28",0.02,"93,587,681.28","1,086,208.00"
IVZ,INVESCO LTD,Financials,Equity,"92,247,343.84",0.02,"92,247,343.84","5,277,308.00"
MGM,MGM RESORTS INTERNATIONAL,Consumer Discretionary,Equity,"92,066,886.45",0.02,"92,066,886.45","2,657,053.00"
MOS,MOSAIC,Materials,Equity,"91,678,803.54",0.02,"91,678,803.54","3,729,813.00"
CE,CELANESE CORP,Materials,Equity,"88,699,536.00",0.02,"88,699,536.00","1,281,600.00"
HII,HUNTINGTON INGALLS INDUSTRIES INC,Industrials,Equity,"86,824,156.20",0.01,"86,824,156.20","459,460.00"
HAS,HASBRO INC,Consumer Discretionary,Equity,"86,060,473.88",0.01,"86,060,473.88","1,539,268.00"
CZR,CAESARS ENTERTAINMENT INC,Consumer Discretionary,Equity,"83,381,830.56",0.01,"83,381,830.56","2,494,968.00"
BWA,BORGWARNER INC,Consumer Discretionary,Equity,"81,635,480.19",0.01,"81,635,480.19","2,567,961.00"
BFB,BROWN FORMAN CORP CLASS B,Consumer Staples,Equity,"81,221,027.58",0.01,"81,221,027.58","2,138,521.00"
DVA,DAVITA INC,Health Care,Equity,"79,188,220.50",0.01,"79,188,220.50","529,510.00"
WBA,WALGREEN BOOTS ALLIANCE INC,Consumer Staples,Equity,"78,668,311.47",0.01,"78,668,311.47","8,431,759.00"
BEN,FRANKLIN RESOURCES INC,Financials,Equity,"73,670,352.30",0.01,"73,670,352.30","3,630,870.00"
MHK,MOHAWK INDUSTRIES INC,Consumer Discretionary,Equity,"73,465,445.79",0.01,"73,465,445.79","616,683.00"
PARA,PARAMOUNT GLOBAL CLASS B,Communication,Equity,"73,202,845.60",0.01,"73,202,845.60","6,998,360.00"
SGAFT,CASH COLLATERAL USD SGAFT,Cash and/or Derivatives,Cash Collateral and Margins,"71,784,000.00",0.01,"71,784,000.00","71,784,000.00"
FMC,FMC CORP,Materials,Equity,"71,441,776.73",0.01,"71,441,776.73","1,469,693.00"
FOX,FOX CORP CLASS B,Communication,Equity,"71,019,766.16",0.01,"71,019,766.16","1,552,684.00"
NWS,NEWS CORP CLASS B,Communication,Equity,"40,084,404.38",0.01,"40,084,404.38","1,317,266.00"
ESH5,S&P500 EMINI MAR 25,Cash and/or Derivatives,Futures,0,0,"1,322,781,887.50","4,457.00"
ETD_USD,ETD USD BALANCE WITH R30382,Cash and/or Derivatives,Cash,"-4,852,744.88",0,"-4,852,744.88","-4,852,745.00"
